country,code,year,since_1800
Belgium,BEL,"Sun, 01 Jan 1846 11:00:00 PM",681000
Belgium,BEL,"Sun, 01 Jan 1856 11:00:00 PM",712000
Belgium,BEL,"Sun, 01 Jan 1866 11:00:00 PM",705000
Belgium,BEL,"Sun, 01 Jan 1880 11:00:00 PM",674000
Belgium,BEL,"Sun, 01 Jan 1890 11:00:00 PM",640000
Belgium,BEL,"Sun, 01 Jan 1900 11:00:00 PM",616000
Belgium,BEL,"Sun, 01 Jan 1910 11:00:00 PM",585000
Belgium,BEL,"Sun, 01 Jan 1920 11:00:00 PM",525000
Belgium,BEL,"Sun, 01 Jan 1930 11:00:00 PM",505000
Belgium,BEL,"Sun, 01 Jan 1947 11:00:00 PM",364000
Belgium,BEL,"Sun, 01 Jan 1961 11:00:00 PM",213000
Belgium,BEL,"Sun, 01 Jan 1970 11:00:00 PM",197477.8225
Belgium,BEL,"Sun, 01 Jan 1971 11:00:00 PM",184101.572
Belgium,BEL,"Sun, 01 Jan 1972 11:00:00 PM",172728.0139
Belgium,BEL,"Sun, 01 Jan 1973 11:00:00 PM",165111.1874
Belgium,BEL,"Sun, 01 Jan 1974 11:00:00 PM",160353.8201
Belgium,BEL,"Sun, 01 Jan 1975 11:00:00 PM",155935.2554
Belgium,BEL,"Sun, 01 Jan 1976 11:00:00 PM",147979.635
Belgium,BEL,"Sun, 01 Jan 1977 11:00:00 PM",141885.2497
Belgium,BEL,"Sun, 01 Jan 1978 11:00:00 PM",138862.5693
Belgium,BEL,"Sun, 01 Jan 1979 11:00:00 PM",138367.4551
Belgium,BEL,"Sun, 01 Jan 1980 11:00:00 PM",132237.6211
Belgium,BEL,"Sun, 01 Jan 1981 11:00:00 PM",129056.875
Belgium,BEL,"Sun, 01 Jan 1982 11:00:00 PM",127686.875
Belgium,BEL,"Sun, 01 Jan 1983 11:00:00 PM",127287.875
Belgium,BEL,"Sun, 01 Jan 1984 11:00:00 PM",127051
Belgium,BEL,"Sun, 01 Jan 1985 11:00:00 PM",126152.375
Belgium,BEL,"Sun, 01 Jan 1986 11:00:00 PM",124604.5
Belgium,BEL,"Sun, 01 Jan 1987 11:00:00 PM",122167.625
Belgium,BEL,"Sun, 01 Jan 1988 11:00:00 PM",120207.875
Belgium,BEL,"Sun, 01 Jan 1989 11:00:00 PM",119377
Belgium,BEL,"Sun, 01 Jan 1990 11:00:00 PM",118489.75
Belgium,BEL,"Sun, 01 Jan 1991 11:00:00 PM",117296.25
Belgium,BEL,"Sun, 01 Jan 1992 11:00:00 PM",114539.125
Belgium,BEL,"Sun, 01 Jan 1993 11:00:00 PM",112992.625
Belgium,BEL,"Sun, 01 Jan 1994 11:00:00 PM",110751.125
Belgium,BEL,"Sun, 01 Jan 1995 11:00:00 PM",108951.875
Belgium,BEL,"Sun, 01 Jan 1996 11:00:00 PM",104785.5
Belgium,BEL,"Sun, 01 Jan 1997 11:00:00 PM",102043.75
Belgium,BEL,"Sun, 01 Jan 1998 11:00:00 PM",100278.125
Belgium,BEL,"Sun, 01 Jan 1999 11:00:00 PM",98864.75
Belgium,BEL,"Sun, 01 Jan 2000 11:00:00 PM",94837.625
Belgium,BEL,"Sun, 01 Jan 2001 11:00:00 PM",91850.875
Belgium,BEL,"Sun, 01 Jan 2002 11:00:00 PM",89107.25
Belgium,BEL,"Sun, 01 Jan 2003 11:00:00 PM",86255.25
Belgium,BEL,"Sun, 01 Jan 2004 11:00:00 PM",85034.75
Belgium,BEL,"Sun, 01 Jan 2005 11:00:00 PM",84544.75
Belgium,BEL,"Sun, 01 Jan 2006 11:00:00 PM",84147.625
Belgium,BEL,"Sun, 01 Jan 2007 11:00:00 PM",82858.625
Finland,FIN,"Sun, 01 Jan 1805 11:00:00 PM",702000
Finland,FIN,"Sun, 01 Jan 1880 11:00:00 PM",358000
Finland,FIN,"Sun, 01 Jan 1900 11:00:00 PM",429000
Finland,FIN,"Sun, 01 Jan 1910 11:00:00 PM",897000
Finland,FIN,"Sun, 01 Jan 1920 11:00:00 PM",1032000
Finland,FIN,"Sun, 01 Jan 1930 11:00:00 PM",1107000
Finland,FIN,"Sun, 01 Jan 1940 11:00:00 PM",1158000
Finland,FIN,"Sun, 01 Jan 1950 11:00:00 PM",912000
Finland,FIN,"Sun, 01 Jan 1960 11:00:00 PM",721000
Finland,FIN,"Sun, 01 Jan 1970 11:00:00 PM",471500
Finland,FIN,"Sun, 01 Jan 1971 11:00:00 PM",444900
Finland,FIN,"Sun, 01 Jan 1972 11:00:00 PM",419200
Finland,FIN,"Sun, 01 Jan 1973 11:00:00 PM",394300
Finland,FIN,"Sun, 01 Jan 1974 11:00:00 PM",369900
Finland,FIN,"Sun, 01 Jan 1975 11:00:00 PM",348300
Finland,FIN,"Sun, 01 Jan 1976 11:00:00 PM",336900
Finland,FIN,"Sun, 01 Jan 1977 11:00:00 PM",316500
Finland,FIN,"Sun, 01 Jan 1978 11:00:00 PM",304000
Finland,FIN,"Sun, 01 Jan 1979 11:00:00 PM",306100
Finland,FIN,"Sun, 01 Jan 1980 11:00:00 PM",308600
Finland,FIN,"Sun, 01 Jan 1981 11:00:00 PM",305800
Finland,FIN,"Sun, 01 Jan 1982 11:00:00 PM",310500
Finland,FIN,"Sun, 01 Jan 1983 11:00:00 PM",300500
Finland,FIN,"Sun, 01 Jan 1984 11:00:00 PM",298000
Finland,FIN,"Sun, 01 Jan 1985 11:00:00 PM",281900
Finland,FIN,"Sun, 01 Jan 1986 11:00:00 PM",267800
Finland,FIN,"Sun, 01 Jan 1987 11:00:00 PM",254800
Finland,FIN,"Sun, 01 Jan 1988 11:00:00 PM",243700
Finland,FIN,"Sun, 01 Jan 1989 11:00:00 PM",223700
Finland,FIN,"Sun, 01 Jan 1990 11:00:00 PM",213200
Finland,FIN,"Sun, 01 Jan 1991 11:00:00 PM",202500
Finland,FIN,"Sun, 01 Jan 1992 11:00:00 PM",188000
Finland,FIN,"Sun, 01 Jan 1993 11:00:00 PM",174800
Finland,FIN,"Sun, 01 Jan 1994 11:00:00 PM",170600
Finland,FIN,"Sun, 01 Jan 1995 11:00:00 PM",161400
Finland,FIN,"Sun, 01 Jan 1996 11:00:00 PM",152700
Finland,FIN,"Sun, 01 Jan 1997 11:00:00 PM",149900
Finland,FIN,"Sun, 01 Jan 1998 11:00:00 PM",138800
Finland,FIN,"Sun, 01 Jan 1999 11:00:00 PM",139800
Finland,FIN,"Sun, 01 Jan 2000 11:00:00 PM",136800
Finland,FIN,"Sun, 01 Jan 2001 11:00:00 PM",131400
Finland,FIN,"Sun, 01 Jan 2002 11:00:00 PM",126600
Finland,FIN,"Sun, 01 Jan 2003 11:00:00 PM",124300
Finland,FIN,"Sun, 01 Jan 2004 11:00:00 PM",121800
Finland,FIN,"Sun, 01 Jan 2005 11:00:00 PM",121300
Finland,FIN,"Sun, 01 Jan 2006 11:00:00 PM",121700
Finland,FIN,"Sun, 01 Jan 2007 11:00:00 PM",122000
France,FRA,"Sun, 01 Jan 1856 11:00:00 PM",7305000
France,FRA,"Sun, 01 Jan 1866 11:00:00 PM",7536000
France,FRA,"Sun, 01 Jan 1886 11:00:00 PM",7846000
France,FRA,"Sun, 01 Jan 1896 11:00:00 PM",8501000
France,FRA,"Sun, 01 Jan 1901 11:00:00 PM",8245000
France,FRA,"Sun, 01 Jan 1906 11:00:00 PM",8855000
France,FRA,"Sun, 01 Jan 1911 11:00:00 PM",8572000
France,FRA,"Sun, 01 Jan 1921 11:00:00 PM",9023000
France,FRA,"Sun, 01 Jan 1926 11:00:00 PM",8200000
France,FRA,"Sun, 01 Jan 1931 11:00:00 PM",7704000
France,FRA,"Sun, 01 Jan 1936 11:00:00 PM",7204000
France,FRA,"Sun, 01 Jan 1946 11:00:00 PM",7484000
France,FRA,"Sun, 01 Jan 1954 11:00:00 PM",5195000
France,FRA,"Sun, 01 Jan 1962 11:00:00 PM",3907000
France,FRA,"Sun, 01 Jan 1968 11:00:00 PM",3133000
France,FRA,"Sun, 01 Jan 1970 11:00:00 PM",2842823.419
France,FRA,"Sun, 01 Jan 1971 11:00:00 PM",2699836.65
France,FRA,"Sun, 01 Jan 1972 11:00:00 PM",2553243.488
France,FRA,"Sun, 01 Jan 1973 11:00:00 PM",2425554.341
France,FRA,"Sun, 01 Jan 1974 11:00:00 PM",2319525.058
France,FRA,"Sun, 01 Jan 1975 11:00:00 PM",2227155.572
France,FRA,"Sun, 01 Jan 1976 11:00:00 PM",2143763.904
France,FRA,"Sun, 01 Jan 1977 11:00:00 PM",2063989.497
France,FRA,"Sun, 01 Jan 1978 11:00:00 PM",2002053.295
France,FRA,"Sun, 01 Jan 1979 11:00:00 PM",1950420.626
France,FRA,"Sun, 01 Jan 1980 11:00:00 PM",1890627.592
France,FRA,"Sun, 01 Jan 1981 11:00:00 PM",1822389.621
France,FRA,"Sun, 01 Jan 1982 11:00:00 PM",1757923.365
France,FRA,"Sun, 01 Jan 1983 11:00:00 PM",1698831.12
France,FRA,"Sun, 01 Jan 1984 11:00:00 PM",1642774.112
France,FRA,"Sun, 01 Jan 1985 11:00:00 PM",1585639.773
France,FRA,"Sun, 01 Jan 1986 11:00:00 PM",1534551.128
France,FRA,"Sun, 01 Jan 1987 11:00:00 PM",1476537.629
France,FRA,"Sun, 01 Jan 1988 11:00:00 PM",1420838.517
France,FRA,"Sun, 01 Jan 1989 11:00:00 PM",1363824.989
France,FRA,"Sun, 01 Jan 1990 11:00:00 PM",1300400
France,FRA,"Sun, 01 Jan 1991 11:00:00 PM",1242200
France,FRA,"Sun, 01 Jan 1992 11:00:00 PM",1190400
France,FRA,"Sun, 01 Jan 1993 11:00:00 PM",1134000
France,FRA,"Sun, 01 Jan 1994 11:00:00 PM",1084300
France,FRA,"Sun, 01 Jan 1995 11:00:00 PM",1051100
France,FRA,"Sun, 01 Jan 1996 11:00:00 PM",1026600
France,FRA,"Sun, 01 Jan 1997 11:00:00 PM",1011300
France,FRA,"Sun, 01 Jan 1998 11:00:00 PM",998800
France,FRA,"Sun, 01 Jan 1999 11:00:00 PM",981500
France,FRA,"Sun, 01 Jan 2000 11:00:00 PM",961100
France,FRA,"Sun, 01 Jan 2001 11:00:00 PM",945300
France,FRA,"Sun, 01 Jan 2002 11:00:00 PM",928300
France,FRA,"Sun, 01 Jan 2003 11:00:00 PM",912200
France,FRA,"Sun, 01 Jan 2004 11:00:00 PM",905600
France,FRA,"Sun, 01 Jan 2005 11:00:00 PM",895918.1748
France,FRA,"Sun, 01 Jan 2006 11:00:00 PM",875656.2107
France,FRA,"Sun, 01 Jan 2007 11:00:00 PM",851903.7098
Japan,JPN,"Sun, 01 Jan 1872 11:00:00 PM",14495000
Japan,JPN,"Sun, 01 Jan 1880 11:00:00 PM",16076000
Japan,JPN,"Sun, 01 Jan 1890 11:00:00 PM",17198000
Japan,JPN,"Sun, 01 Jan 1900 11:00:00 PM",17331000
Japan,JPN,"Sun, 01 Jan 1910 11:00:00 PM",16489000
Japan,JPN,"Sun, 01 Jan 1920 11:00:00 PM",14441000
Japan,JPN,"Sun, 01 Jan 1930 11:00:00 PM",14489000
Japan,JPN,"Sun, 01 Jan 1940 11:00:00 PM",15417000
Japan,JPN,"Sun, 01 Jan 1950 11:00:00 PM",17158000
Japan,JPN,"Sun, 01 Jan 1953 11:00:00 PM",17081689.87
Japan,JPN,"Sun, 01 Jan 1954 11:00:00 PM",16569955.6
Japan,JPN,"Sun, 01 Jan 1955 11:00:00 PM",16928169.58
Japan,JPN,"Sun, 01 Jan 1956 11:00:00 PM",16560275.46
Japan,JPN,"Sun, 01 Jan 1957 11:00:00 PM",16309301.1
Japan,JPN,"Sun, 01 Jan 1958 11:00:00 PM",15737805.29
Japan,JPN,"Sun, 01 Jan 1959 11:00:00 PM",15167317.41
Japan,JPN,"Sun, 01 Jan 1960 11:00:00 PM",15057453.14
Japan,JPN,"Sun, 01 Jan 1961 11:00:00 PM",14645210.13
Japan,JPN,"Sun, 01 Jan 1962 11:00:00 PM",14220871.97
Japan,JPN,"Sun, 01 Jan 1963 11:00:00 PM",13442750.68
Japan,JPN,"Sun, 01 Jan 1964 11:00:00 PM",12898468.96
Japan,JPN,"Sun, 01 Jan 1965 11:00:00 PM",12433813.63
Japan,JPN,"Sun, 01 Jan 1966 11:00:00 PM",12127403.18
Japan,JPN,"Sun, 01 Jan 1967 11:00:00 PM",11889531.91
Japan,JPN,"Sun, 01 Jan 1968 11:00:00 PM",11609327.61
Japan,JPN,"Sun, 01 Jan 1969 11:00:00 PM",11335170.89
Japan,JPN,"Sun, 01 Jan 1970 11:00:00 PM",10821127.04
Japan,JPN,"Sun, 01 Jan 1971 11:00:00 PM",10036958.19
Japan,JPN,"Sun, 01 Jan 1972 11:00:00 PM",9553152.208
Japan,JPN,"Sun, 01 Jan 1973 11:00:00 PM",9104623.749
Japan,JPN,"Sun, 01 Jan 1974 11:00:00 PM",8878847.626
Japan,JPN,"Sun, 01 Jan 1975 11:00:00 PM",8686333.164
Japan,JPN,"Sun, 01 Jan 1976 11:00:00 PM",8509945.567
Japan,JPN,"Sun, 01 Jan 1977 11:00:00 PM",8432335.025
Japan,JPN,"Sun, 01 Jan 1978 11:00:00 PM",8328518.326
Japan,JPN,"Sun, 01 Jan 1979 11:00:00 PM",8039242.668
Japan,JPN,"Sun, 01 Jan 1980 11:00:00 PM",7625991.728
Japan,JPN,"Sun, 01 Jan 1981 11:00:00 PM",7387112.527
Japan,JPN,"Sun, 01 Jan 1982 11:00:00 PM",7245980.583
Japan,JPN,"Sun, 01 Jan 1983 11:00:00 PM",7009441.55
Japan,JPN,"Sun, 01 Jan 1984 11:00:00 PM",6743482.115
Japan,JPN,"Sun, 01 Jan 1985 11:00:00 PM",6651197.537
Japan,JPN,"Sun, 01 Jan 1986 11:00:00 PM",6424279
Japan,JPN,"Sun, 01 Jan 1987 11:00:00 PM",6255876.319
Japan,JPN,"Sun, 01 Jan 1988 11:00:00 PM",6040229.021
Japan,JPN,"Sun, 01 Jan 1989 11:00:00 PM",5846183.346
Japan,JPN,"Sun, 01 Jan 1990 11:00:00 PM",5650116.988
Japan,JPN,"Sun, 01 Jan 1991 11:00:00 PM",5462146.364
Japan,JPN,"Sun, 01 Jan 1992 11:00:00 PM",5332166.678
Japan,JPN,"Sun, 01 Jan 1993 11:00:00 PM",5034213.243
Japan,JPN,"Sun, 01 Jan 1994 11:00:00 PM",4896234.806
Japan,JPN,"Sun, 01 Jan 1995 11:00:00 PM",4792251.057
Japan,JPN,"Sun, 01 Jan 1996 11:00:00 PM",4576648.119
Japan,JPN,"Sun, 01 Jan 1997 11:00:00 PM",4413263.843
Japan,JPN,"Sun, 01 Jan 1998 11:00:00 PM",4237277.523
Japan,JPN,"Sun, 01 Jan 1999 11:00:00 PM",4051128.922
Japan,JPN,"Sun, 01 Jan 2000 11:00:00 PM",3866799.455
Japan,JPN,"Sun, 01 Jan 2001 11:00:00 PM",3697836.422
Japan,JPN,"Sun, 01 Jan 2002 11:00:00 PM",3460497.75
Japan,JPN,"Sun, 01 Jan 2003 11:00:00 PM",3433042.384
Japan,JPN,"Sun, 01 Jan 2004 11:00:00 PM",3371499.921
Japan,JPN,"Sun, 01 Jan 2005 11:00:00 PM",3343371.126
Japan,JPN,"Sun, 01 Jan 2006 11:00:00 PM",3250386.839
Japan,JPN,"Sun, 01 Jan 2007 11:00:00 PM",3250818.943
Japan,JPN,"Sun, 01 Jan 2008 11:00:00 PM",3189429.376
Japan,JPN,"Sun, 01 Jan 2009 11:00:00 PM",2952837.23
Japan,JPN,"Sun, 01 Jan 2010 11:00:00 PM",2852172.324
Japan,JPN,"Sun, 01 Jan 2011 11:00:00 PM",2785062.387
Japan,JPN,"Sun, 01 Jan 2012 11:00:00 PM",2684397.482
Netherlands,NLD,"Sun, 01 Jan 1807 11:00:00 PM",374533
Netherlands,NLD,"Sun, 01 Jan 1849 11:00:00 PM",506002
Netherlands,NLD,"Sun, 01 Jan 1859 11:00:00 PM",536130
Netherlands,NLD,"Sun, 01 Jan 1889 11:00:00 PM",633448
Netherlands,NLD,"Sun, 01 Jan 1899 11:00:00 PM",681674
Netherlands,NLD,"Sun, 01 Jan 1909 11:00:00 PM",699689
Netherlands,NLD,"Sun, 01 Jan 1920 11:00:00 PM",641000
Netherlands,NLD,"Sun, 01 Jan 1930 11:00:00 PM",656000
Netherlands,NLD,"Sun, 01 Jan 1947 11:00:00 PM",747000
Netherlands,NLD,"Sun, 01 Jan 1949 11:00:00 PM",637150.1541
Netherlands,NLD,"Sun, 01 Jan 1960 11:00:00 PM",479205.6808
Netherlands,NLD,"Sun, 01 Jan 1961 11:00:00 PM",475982.3242
Netherlands,NLD,"Sun, 01 Jan 1962 11:00:00 PM",453418.828
Netherlands,NLD,"Sun, 01 Jan 1963 11:00:00 PM",439450.9494
Netherlands,NLD,"Sun, 01 Jan 1964 11:00:00 PM",422259.7143
Netherlands,NLD,"Sun, 01 Jan 1965 11:00:00 PM",397547.3137
Netherlands,NLD,"Sun, 01 Jan 1966 11:00:00 PM",386802.7917
Netherlands,NLD,"Sun, 01 Jan 1967 11:00:00 PM",358867.0345
Netherlands,NLD,"Sun, 01 Jan 1968 11:00:00 PM",334154.6339
Netherlands,NLD,"Sun, 01 Jan 1969 11:00:00 PM",320186.7553
Netherlands,NLD,"Sun, 01 Jan 1970 11:00:00 PM",314265.6206
Netherlands,NLD,"Sun, 01 Jan 1971 11:00:00 PM",311506.9316
Netherlands,NLD,"Sun, 01 Jan 1972 11:00:00 PM",307090.6187
Netherlands,NLD,"Sun, 01 Jan 1973 11:00:00 PM",304864.3572
Netherlands,NLD,"Sun, 01 Jan 1974 11:00:00 PM",302065.2152
Netherlands,NLD,"Sun, 01 Jan 1975 11:00:00 PM",300760.282
Netherlands,NLD,"Sun, 01 Jan 1976 11:00:00 PM",296322.1576
Netherlands,NLD,"Sun, 01 Jan 1977 11:00:00 PM",292738.3572
Netherlands,NLD,"Sun, 01 Jan 1978 11:00:00 PM",288440.9417
Netherlands,NLD,"Sun, 01 Jan 1979 11:00:00 PM",288319.713
Netherlands,NLD,"Sun, 01 Jan 1980 11:00:00 PM",284889.2852
Netherlands,NLD,"Sun, 01 Jan 1981 11:00:00 PM",285604.4921
Netherlands,NLD,"Sun, 01 Jan 1982 11:00:00 PM",288611.5464
Netherlands,NLD,"Sun, 01 Jan 1983 11:00:00 PM",291394.5601
Netherlands,NLD,"Sun, 01 Jan 1984 11:00:00 PM",292195.5953
Netherlands,NLD,"Sun, 01 Jan 1985 11:00:00 PM",290888.0028
Netherlands,NLD,"Sun, 01 Jan 1986 11:00:00 PM",290267.4429
Netherlands,NLD,"Sun, 01 Jan 1987 11:00:00 PM",291254.7471
Netherlands,NLD,"Sun, 01 Jan 1988 11:00:00 PM",292242.0513
Netherlands,NLD,"Sun, 01 Jan 1989 11:00:00 PM",287305.5302
Netherlands,NLD,"Sun, 01 Jan 1990 11:00:00 PM",289280.1386
Netherlands,NLD,"Sun, 01 Jan 1991 11:00:00 PM",295203.964
Netherlands,NLD,"Sun, 01 Jan 1992 11:00:00 PM",292242.0513
Netherlands,NLD,"Sun, 01 Jan 1993 11:00:00 PM",284343.6175
Netherlands,NLD,"Sun, 01 Jan 1994 11:00:00 PM",279484.4328
Netherlands,NLD,"Sun, 01 Jan 1995 11:00:00 PM",283078
Netherlands,NLD,"Sun, 01 Jan 1996 11:00:00 PM",286718
Netherlands,NLD,"Sun, 01 Jan 1997 11:00:00 PM",291302
Netherlands,NLD,"Sun, 01 Jan 1998 11:00:00 PM",279191
Netherlands,NLD,"Sun, 01 Jan 1999 11:00:00 PM",280138
Netherlands,NLD,"Sun, 01 Jan 2000 11:00:00 PM",279912
Netherlands,NLD,"Sun, 01 Jan 2001 11:00:00 PM",283035
Netherlands,NLD,"Sun, 01 Jan 2002 11:00:00 PM",282997
Netherlands,NLD,"Sun, 01 Jan 2003 11:00:00 PM",278378
Netherlands,NLD,"Sun, 01 Jan 2004 11:00:00 PM",271010
Netherlands,NLD,"Sun, 01 Jan 2005 11:00:00 PM",265968
Netherlands,NLD,"Sun, 01 Jan 2006 11:00:00 PM",261595
Netherlands,NLD,"Sun, 01 Jan 2007 11:00:00 PM",258834
Netherlands,NLD,"Sun, 01 Jan 2008 11:00:00 PM",253760.8679
Netherlands,NLD,"Sun, 01 Jan 2009 11:00:00 PM",255746.6579
Netherlands,NLD,"Sun, 01 Jan 2010 11:00:00 PM",254078.5679
Netherlands,NLD,"Sun, 01 Jan 2011 11:00:00 PM",252394.4413
South Korea,KOR,"Sun, 01 Jan 1955 11:00:00 PM",6436000
South Korea,KOR,"Sun, 01 Jan 1963 11:00:00 PM",4609264.821
South Korea,KOR,"Sun, 01 Jan 1964 11:00:00 PM",4597829.804
South Korea,KOR,"Sun, 01 Jan 1965 11:00:00 PM",4583536.032
South Korea,KOR,"Sun, 01 Jan 1966 11:00:00 PM",4646428.627
South Korea,KOR,"Sun, 01 Jan 1967 11:00:00 PM",4584488.95
South Korea,KOR,"Sun, 01 Jan 1968 11:00:00 PM",4574959.77
South Korea,KOR,"Sun, 01 Jan 1969 11:00:00 PM",4597829.804
South Korea,KOR,"Sun, 01 Jan 1970 11:00:00 PM",4617841.084
South Korea,KOR,"Sun, 01 Jan 1971 11:00:00 PM",4646428.627
South Korea,KOR,"Sun, 01 Jan 1972 11:00:00 PM",5094300.131
South Korea,KOR,"Sun, 01 Jan 1973 11:00:00 PM",5306800.866
South Korea,KOR,"Sun, 01 Jan 1974 11:00:00 PM",5321094.637
South Korea,KOR,"Sun, 01 Jan 1975 11:00:00 PM",5169580.66
South Korea,KOR,"Sun, 01 Jan 1976 11:00:00 PM",5337294.245
South Korea,KOR,"Sun, 01 Jan 1977 11:00:00 PM",5150522.298
South Korea,KOR,"Sun, 01 Jan 1978 11:00:00 PM",4937068.645
South Korea,KOR,"Sun, 01 Jan 1979 11:00:00 PM",4656910.726
South Korea,KOR,"Sun, 01 Jan 1980 11:00:00 PM",4438692.482
South Korea,KOR,"Sun, 01 Jan 1981 11:00:00 PM",4574959.77
South Korea,KOR,"Sun, 01 Jan 1982 11:00:00 PM",4394858.25
South Korea,KOR,"Sun, 01 Jan 1983 11:00:00 PM",4111841.576
South Korea,KOR,"Sun, 01 Jan 1984 11:00:00 PM",3729721.42
South Korea,KOR,"Sun, 01 Jan 1985 11:00:00 PM",3557243.245
South Korea,KOR,"Sun, 01 Jan 1986 11:00:00 PM",3489586.06
South Korea,KOR,"Sun, 01 Jan 1987 11:00:00 PM",3411446.777
South Korea,KOR,"Sun, 01 Jan 1988 11:00:00 PM",3319013.722
South Korea,KOR,"Sun, 01 Jan 1989 11:00:00 PM",3258979.882
South Korea,KOR,"Sun, 01 Jan 1990 11:00:00 PM",3068446.154
South Korea,KOR,"Sun, 01 Jan 1991 11:00:00 PM",2897818.935
South Korea,KOR,"Sun, 01 Jan 1992 11:00:00 PM",2841891.124
South Korea,KOR,"Sun, 01 Jan 1993 11:00:00 PM",2700649.704
South Korea,KOR,"Sun, 01 Jan 1994 11:00:00 PM",2588794.083
South Korea,KOR,"Sun, 01 Jan 1995 11:00:00 PM",2403000
South Korea,KOR,"Sun, 01 Jan 1996 11:00:00 PM",2323000
South Korea,KOR,"Sun, 01 Jan 1997 11:00:00 PM",2285000
South Korea,KOR,"Sun, 01 Jan 1998 11:00:00 PM",2397000
South Korea,KOR,"Sun, 01 Jan 1999 11:00:00 PM",2302000
South Korea,KOR,"Sun, 01 Jan 2000 11:00:00 PM",2243000
South Korea,KOR,"Sun, 01 Jan 2001 11:00:00 PM",2148000
South Korea,KOR,"Sun, 01 Jan 2002 11:00:00 PM",2069000
South Korea,KOR,"Sun, 01 Jan 2003 11:00:00 PM",1950000
South Korea,KOR,"Sun, 01 Jan 2004 11:00:00 PM",1825000
South Korea,KOR,"Sun, 01 Jan 2005 11:00:00 PM",1815000
South Korea,KOR,"Sun, 01 Jan 2006 11:00:00 PM",1785000
South Korea,KOR,"Sun, 01 Jan 2007 11:00:00 PM",1726000
South Korea,KOR,"Sun, 01 Jan 2008 11:00:00 PM",1736531.575
South Korea,KOR,"Sun, 01 Jan 2009 11:00:00 PM",1731302.611
South Korea,KOR,"Sun, 01 Jan 2010 11:00:00 PM",1645378.237
Spain,ESP,"Sun, 01 Jan 1860 11:00:00 PM",5266000
Spain,ESP,"Sun, 01 Jan 1877 11:00:00 PM",5045000
Spain,ESP,"Sun, 01 Jan 1887 11:00:00 PM",4854000
Spain,ESP,"Sun, 01 Jan 1900 11:00:00 PM",5139000
Spain,ESP,"Sun, 01 Jan 1910 11:00:00 PM",4220000
Spain,ESP,"Sun, 01 Jan 1920 11:00:00 PM",4538000
Spain,ESP,"Sun, 01 Jan 1940 11:00:00 PM",4781000
Spain,ESP,"Sun, 01 Jan 1950 11:00:00 PM",5271000
Spain,ESP,"Sun, 01 Jan 1964 11:00:00 PM",4177000
Spain,ESP,"Sun, 01 Jan 1970 11:00:00 PM",3160771.598
Spain,ESP,"Sun, 01 Jan 1971 11:00:00 PM",3058917.387
Spain,ESP,"Sun, 01 Jan 1972 11:00:00 PM",2942314.398
Spain,ESP,"Sun, 01 Jan 1973 11:00:00 PM",2830162.442
Spain,ESP,"Sun, 01 Jan 1974 11:00:00 PM",2715208.049
Spain,ESP,"Sun, 01 Jan 1975 11:00:00 PM",2604944.001
Spain,ESP,"Sun, 01 Jan 1976 11:00:00 PM",2490941.67
Spain,ESP,"Sun, 01 Jan 1977 11:00:00 PM",2382016.445
Spain,ESP,"Sun, 01 Jan 1978 11:00:00 PM",2291891.181
Spain,ESP,"Sun, 01 Jan 1979 11:00:00 PM",2205355.891
Spain,ESP,"Sun, 01 Jan 1980 11:00:00 PM",2098217.244
Spain,ESP,"Sun, 01 Jan 1981 11:00:00 PM",1976066.976
Spain,ESP,"Sun, 01 Jan 1982 11:00:00 PM",1929406.976
Spain,ESP,"Sun, 01 Jan 1983 11:00:00 PM",1920926.557
Spain,ESP,"Sun, 01 Jan 1984 11:00:00 PM",1851519.781
Spain,ESP,"Sun, 01 Jan 1985 11:00:00 PM",1791303.9
Spain,ESP,"Sun, 01 Jan 1986 11:00:00 PM",1671728.936
Spain,ESP,"Sun, 01 Jan 1987 11:00:00 PM",1633306.093
Spain,ESP,"Sun, 01 Jan 1988 11:00:00 PM",1615262.23
Spain,ESP,"Sun, 01 Jan 1989 11:00:00 PM",1510749.056
Spain,ESP,"Sun, 01 Jan 1990 11:00:00 PM",1459757.217
Spain,ESP,"Sun, 01 Jan 1991 11:00:00 PM",1322067.189
Spain,ESP,"Sun, 01 Jan 1992 11:00:00 PM",1229969.469
Spain,ESP,"Sun, 01 Jan 1993 11:00:00 PM",1167673.066
Spain,ESP,"Sun, 01 Jan 1994 11:00:00 PM",1121119.603
Spain,ESP,"Sun, 01 Jan 1995 11:00:00 PM",1070205.761
Spain,ESP,"Sun, 01 Jan 1996 11:00:00 PM",1077281.855
Spain,ESP,"Sun, 01 Jan 1997 11:00:00 PM",1059779.92
Spain,ESP,"Sun, 01 Jan 1998 11:00:00 PM",1059384.444
Spain,ESP,"Sun, 01 Jan 1999 11:00:00 PM",1032891.28
Spain,ESP,"Sun, 01 Jan 2000 11:00:00 PM",1037400
Spain,ESP,"Sun, 01 Jan 2001 11:00:00 PM",1040900
Spain,ESP,"Sun, 01 Jan 2002 11:00:00 PM",1023100
Spain,ESP,"Sun, 01 Jan 2003 11:00:00 PM",1013700
Spain,ESP,"Sun, 01 Jan 2004 11:00:00 PM",999600
Spain,ESP,"Sun, 01 Jan 2005 11:00:00 PM",1000800
Spain,ESP,"Sun, 01 Jan 2006 11:00:00 PM",943434.3919
Spain,ESP,"Sun, 01 Jan 2007 11:00:00 PM",924745.5962
Sweden,SWE,"Sun, 01 Jan 1850 11:00:00 PM",949014.5182
Sweden,SWE,"Sun, 01 Jan 1851 11:00:00 PM",941801.0892
Sweden,SWE,"Sun, 01 Jan 1852 11:00:00 PM",942600.9453
Sweden,SWE,"Sun, 01 Jan 1853 11:00:00 PM",952253.268
Sweden,SWE,"Sun, 01 Jan 1854 11:00:00 PM",968336.5435
Sweden,SWE,"Sun, 01 Jan 1855 11:00:00 PM",994020.18
Sweden,SWE,"Sun, 01 Jan 1856 11:00:00 PM",979349.1708
Sweden,SWE,"Sun, 01 Jan 1857 11:00:00 PM",992546.645
Sweden,SWE,"Sun, 01 Jan 1858 11:00:00 PM",1019169.198
Sweden,SWE,"Sun, 01 Jan 1859 11:00:00 PM",1033733.698
Sweden,SWE,"Sun, 01 Jan 1860 11:00:00 PM",1038088.109
Sweden,SWE,"Sun, 01 Jan 1861 11:00:00 PM",1036222.432
Sweden,SWE,"Sun, 01 Jan 1862 11:00:00 PM",1013372.76
Sweden,SWE,"Sun, 01 Jan 1863 11:00:00 PM",1042558.362
Sweden,SWE,"Sun, 01 Jan 1864 11:00:00 PM",1044893.669
Sweden,SWE,"Sun, 01 Jan 1865 11:00:00 PM",1061723.866
Sweden,SWE,"Sun, 01 Jan 1866 11:00:00 PM",1047317.584
Sweden,SWE,"Sun, 01 Jan 1867 11:00:00 PM",1062745.96
Sweden,SWE,"Sun, 01 Jan 1868 11:00:00 PM",1005346.821
Sweden,SWE,"Sun, 01 Jan 1869 11:00:00 PM",1038368.235
Sweden,SWE,"Sun, 01 Jan 1870 11:00:00 PM",1087476.746
Sweden,SWE,"Sun, 01 Jan 1871 11:00:00 PM",1091748.663
Sweden,SWE,"Sun, 01 Jan 1872 11:00:00 PM",1096117.249
Sweden,SWE,"Sun, 01 Jan 1873 11:00:00 PM",1100452.339
Sweden,SWE,"Sun, 01 Jan 1874 11:00:00 PM",1104654.621
Sweden,SWE,"Sun, 01 Jan 1875 11:00:00 PM",1108484.796
Sweden,SWE,"Sun, 01 Jan 1876 11:00:00 PM",1112051.65
Sweden,SWE,"Sun, 01 Jan 1877 11:00:00 PM",1115879.328
Sweden,SWE,"Sun, 01 Jan 1878 11:00:00 PM",1119287.845
Sweden,SWE,"Sun, 01 Jan 1879 11:00:00 PM",1123244.243
Sweden,SWE,"Sun, 01 Jan 1880 11:00:00 PM",1127084.772
Sweden,SWE,"Sun, 01 Jan 1881 11:00:00 PM",1124352.062
Sweden,SWE,"Sun, 01 Jan 1882 11:00:00 PM",1121342.138
Sweden,SWE,"Sun, 01 Jan 1883 11:00:00 PM",1119577.294
Sweden,SWE,"Sun, 01 Jan 1884 11:00:00 PM",1118272.361
Sweden,SWE,"Sun, 01 Jan 1885 11:00:00 PM",1117235.862
Sweden,SWE,"Sun, 01 Jan 1886 11:00:00 PM",1115347.139
Sweden,SWE,"Sun, 01 Jan 1887 11:00:00 PM",1112178.93
Sweden,SWE,"Sun, 01 Jan 1888 11:00:00 PM",1108623.165
Sweden,SWE,"Sun, 01 Jan 1889 11:00:00 PM",1106844.316
Sweden,SWE,"Sun, 01 Jan 1890 11:00:00 PM",1104386.416
Sweden,SWE,"Sun, 01 Jan 1891 11:00:00 PM",1102416.498
Sweden,SWE,"Sun, 01 Jan 1892 11:00:00 PM",1099825.19
Sweden,SWE,"Sun, 01 Jan 1893 11:00:00 PM",1097665.121
Sweden,SWE,"Sun, 01 Jan 1894 11:00:00 PM",1097145.931
Sweden,SWE,"Sun, 01 Jan 1895 11:00:00 PM",1095930.13
Sweden,SWE,"Sun, 01 Jan 1896 11:00:00 PM",1094438.033
Sweden,SWE,"Sun, 01 Jan 1897 11:00:00 PM",1093579.302
Sweden,SWE,"Sun, 01 Jan 1898 11:00:00 PM",1092754.477
Sweden,SWE,"Sun, 01 Jan 1899 11:00:00 PM",1091614.925
Sweden,SWE,"Sun, 01 Jan 1900 11:00:00 PM",1089129.469
Sweden,SWE,"Sun, 01 Jan 1901 11:00:00 PM",1081737.499
Sweden,SWE,"Sun, 01 Jan 1902 11:00:00 PM",1072822.16
Sweden,SWE,"Sun, 01 Jan 1903 11:00:00 PM",1063764.923
Sweden,SWE,"Sun, 01 Jan 1904 11:00:00 PM",1055527.862
Sweden,SWE,"Sun, 01 Jan 1905 11:00:00 PM",1047198.753
Sweden,SWE,"Sun, 01 Jan 1906 11:00:00 PM",1038571.983
Sweden,SWE,"Sun, 01 Jan 1907 11:00:00 PM",1029974.309
Sweden,SWE,"Sun, 01 Jan 1908 11:00:00 PM",1025798.24
Sweden,SWE,"Sun, 01 Jan 1909 11:00:00 PM",1022593.321
Sweden,SWE,"Sun, 01 Jan 1910 11:00:00 PM",1014042.884
Sweden,SWE,"Sun, 01 Jan 1911 11:00:00 PM",1011133.288
Sweden,SWE,"Sun, 01 Jan 1912 11:00:00 PM",1007969.316
Sweden,SWE,"Sun, 01 Jan 1913 11:00:00 PM",1004187.221
Sweden,SWE,"Sun, 01 Jan 1914 11:00:00 PM",1001257.265
Sweden,SWE,"Sun, 01 Jan 1915 11:00:00 PM",998446.945
Sweden,SWE,"Sun, 01 Jan 1916 11:00:00 PM",995969.3323
Sweden,SWE,"Sun, 01 Jan 1917 11:00:00 PM",995559.8046
Sweden,SWE,"Sun, 01 Jan 1918 11:00:00 PM",994435.8484
Sweden,SWE,"Sun, 01 Jan 1919 11:00:00 PM",992434.729
Sweden,SWE,"Sun, 01 Jan 1920 11:00:00 PM",989865.5053
Sweden,SWE,"Sun, 01 Jan 1921 11:00:00 PM",980042.8862
Sweden,SWE,"Sun, 01 Jan 1922 11:00:00 PM",969797.9863
Sweden,SWE,"Sun, 01 Jan 1923 11:00:00 PM",962957.4735
Sweden,SWE,"Sun, 01 Jan 1924 11:00:00 PM",956587.809
Sweden,SWE,"Sun, 01 Jan 1925 11:00:00 PM",949777.3414
Sweden,SWE,"Sun, 01 Jan 1926 11:00:00 PM",947277.831
Sweden,SWE,"Sun, 01 Jan 1927 11:00:00 PM",946072.9254
Sweden,SWE,"Sun, 01 Jan 1928 11:00:00 PM",943097.9491
Sweden,SWE,"Sun, 01 Jan 1929 11:00:00 PM",941182.9851
Sweden,SWE,"Sun, 01 Jan 1930 11:00:00 PM",938712.567
Sweden,SWE,"Sun, 01 Jan 1931 11:00:00 PM",916700.239
Sweden,SWE,"Sun, 01 Jan 1932 11:00:00 PM",900921.175
Sweden,SWE,"Sun, 01 Jan 1933 11:00:00 PM",890592.0142
Sweden,SWE,"Sun, 01 Jan 1934 11:00:00 PM",901675.791
Sweden,SWE,"Sun, 01 Jan 1935 11:00:00 PM",902058.2281
Sweden,SWE,"Sun, 01 Jan 1936 11:00:00 PM",898458.8263
Sweden,SWE,"Sun, 01 Jan 1937 11:00:00 PM",887236.1495
Sweden,SWE,"Sun, 01 Jan 1938 11:00:00 PM",884169.5164
Sweden,SWE,"Sun, 01 Jan 1939 11:00:00 PM",873846.5419
Sweden,SWE,"Sun, 01 Jan 1940 11:00:00 PM",853515.3207
Sweden,SWE,"Sun, 01 Jan 1941 11:00:00 PM",819354.4061
Sweden,SWE,"Sun, 01 Jan 1942 11:00:00 PM",784944.2311
Sweden,SWE,"Sun, 01 Jan 1943 11:00:00 PM",750736.5479
Sweden,SWE,"Sun, 01 Jan 1944 11:00:00 PM",746217.5227
Sweden,SWE,"Sun, 01 Jan 1945 11:00:00 PM",739857.3553
Sweden,SWE,"Sun, 01 Jan 1946 11:00:00 PM",710892.6587
Sweden,SWE,"Sun, 01 Jan 1947 11:00:00 PM",694151.9389
Sweden,SWE,"Sun, 01 Jan 1948 11:00:00 PM",679245.3645
Sweden,SWE,"Sun, 01 Jan 1949 11:00:00 PM",667745.6205
Sweden,SWE,"Sun, 01 Jan 1950 11:00:00 PM",644945.6123
Sweden,SWE,"Sun, 01 Jan 1951 11:00:00 PM",625013.3693
Sweden,SWE,"Sun, 01 Jan 1952 11:00:00 PM",604885.3403
Sweden,SWE,"Sun, 01 Jan 1953 11:00:00 PM",584561.5253
Sweden,SWE,"Sun, 01 Jan 1954 11:00:00 PM",564041.9243
Sweden,SWE,"Sun, 01 Jan 1955 11:00:00 PM",543326.5373
Sweden,SWE,"Sun, 01 Jan 1956 11:00:00 PM",522415.3643
Sweden,SWE,"Sun, 01 Jan 1957 11:00:00 PM",501308.4053
Sweden,SWE,"Sun, 01 Jan 1958 11:00:00 PM",480005.6604
Sweden,SWE,"Sun, 01 Jan 1959 11:00:00 PM",458507.1294
Sweden,SWE,"Sun, 01 Jan 1960 11:00:00 PM",436812.8124
Sweden,SWE,"Sun, 01 Jan 1961 11:00:00 PM",419537.0227
Sweden,SWE,"Sun, 01 Jan 1962 11:00:00 PM",401845.2203
Sweden,SWE,"Sun, 01 Jan 1963 11:00:00 PM",383737.1554
Sweden,SWE,"Sun, 01 Jan 1964 11:00:00 PM",365212.578
Sweden,SWE,"Sun, 01 Jan 1965 11:00:00 PM",346271.2381
Sweden,SWE,"Sun, 01 Jan 1966 11:00:00 PM",331559.1451
Sweden,SWE,"Sun, 01 Jan 1967 11:00:00 PM",316827.9333
Sweden,SWE,"Sun, 01 Jan 1968 11:00:00 PM",302077.6145
Sweden,SWE,"Sun, 01 Jan 1969 11:00:00 PM",287308.1999
Sweden,SWE,"Sun, 01 Jan 1970 11:00:00 PM",272519.731
Sweden,SWE,"Sun, 01 Jan 1971 11:00:00 PM",256776.9828
Sweden,SWE,"Sun, 01 Jan 1972 11:00:00 PM",241035.4132
Sweden,SWE,"Sun, 01 Jan 1973 11:00:00 PM",227589.1952
Sweden,SWE,"Sun, 01 Jan 1974 11:00:00 PM",224695.2346
Sweden,SWE,"Sun, 01 Jan 1975 11:00:00 PM",217433.7295
Sweden,SWE,"Sun, 01 Jan 1976 11:00:00 PM",208491.509
Sweden,SWE,"Sun, 01 Jan 1977 11:00:00 PM",202055.0843
Sweden,SWE,"Sun, 01 Jan 1978 11:00:00 PM",202291.6192
Sweden,SWE,"Sun, 01 Jan 1979 11:00:00 PM",197791.3277
Sweden,SWE,"Sun, 01 Jan 1980 11:00:00 PM",193126.4643
Sweden,SWE,"Sun, 01 Jan 1981 11:00:00 PM",186188.0301
Sweden,SWE,"Sun, 01 Jan 1982 11:00:00 PM",182868.85
Sweden,SWE,"Sun, 01 Jan 1983 11:00:00 PM",179142.3881
Sweden,SWE,"Sun, 01 Jan 1984 11:00:00 PM",177255.771
Sweden,SWE,"Sun, 01 Jan 1985 11:00:00 PM",173318.7736
Sweden,SWE,"Sun, 01 Jan 1986 11:00:00 PM",168813.5274
Sweden,SWE,"Sun, 01 Jan 1987 11:00:00 PM",151784.5373
Sweden,SWE,"Sun, 01 Jan 1988 11:00:00 PM",149660.0656
Sweden,SWE,"Sun, 01 Jan 1989 11:00:00 PM",142579.4284
Sweden,SWE,"Sun, 01 Jan 1990 11:00:00 PM",141013.3825
Sweden,SWE,"Sun, 01 Jan 1991 11:00:00 PM",134815.0989
Sweden,SWE,"Sun, 01 Jan 1992 11:00:00 PM",130193.3119
Sweden,SWE,"Sun, 01 Jan 1993 11:00:00 PM",127231.1149
Sweden,SWE,"Sun, 01 Jan 1994 11:00:00 PM",123936.7859
Sweden,SWE,"Sun, 01 Jan 1995 11:00:00 PM",121179.5891
Sweden,SWE,"Sun, 01 Jan 1996 11:00:00 PM",115236.5415
Sweden,SWE,"Sun, 01 Jan 1997 11:00:00 PM",105946.8493
Sweden,SWE,"Sun, 01 Jan 1998 11:00:00 PM",102470.2138
Sweden,SWE,"Sun, 01 Jan 1999 11:00:00 PM",101532.4798
Sweden,SWE,"Sun, 01 Jan 2000 11:00:00 PM",104664.4624
Sweden,SWE,"Sun, 01 Jan 2001 11:00:00 PM",96983.90142
Sweden,SWE,"Sun, 01 Jan 2002 11:00:00 PM",94548.48618
Sweden,SWE,"Sun, 01 Jan 2003 11:00:00 PM",88718.0147
Sweden,SWE,"Sun, 01 Jan 2004 11:00:00 PM",85408.6714
Sweden,SWE,"Sun, 01 Jan 2005 11:00:00 PM",81990.1949
Sweden,SWE,"Sun, 01 Jan 2006 11:00:00 PM",80378.69562
Sweden,SWE,"Sun, 01 Jan 2007 11:00:00 PM",78483.63752
Sweden,SWE,"Sun, 01 Jan 2008 11:00:00 PM",80099.34667
Sweden,SWE,"Sun, 01 Jan 2009 11:00:00 PM",79503.29811
Sweden,SWE,"Sun, 01 Jan 2010 11:00:00 PM",81300.68337
United Kingdom,GBR,"Sun, 01 Jan 1801 11:00:00 PM",1426000
United Kingdom,GBR,"Sun, 01 Jan 1841 11:00:00 PM",1539000
United Kingdom,GBR,"Sun, 01 Jan 1851 11:00:00 PM",1539000
United Kingdom,GBR,"Sun, 01 Jan 1861 11:00:00 PM",3520000
United Kingdom,GBR,"Sun, 01 Jan 1871 11:00:00 PM",3120000
United Kingdom,GBR,"Sun, 01 Jan 1881 11:00:00 PM",2860000
United Kingdom,GBR,"Sun, 01 Jan 1891 11:00:00 PM",2620000
United Kingdom,GBR,"Sun, 01 Jan 1901 11:00:00 PM",2420000
United Kingdom,GBR,"Sun, 01 Jan 1911 11:00:00 PM",2400000
United Kingdom,GBR,"Sun, 01 Jan 1920 11:00:00 PM",1741000
United Kingdom,GBR,"Sun, 01 Jan 1921 11:00:00 PM",1669000
United Kingdom,GBR,"Sun, 01 Jan 1922 11:00:00 PM",1620000
United Kingdom,GBR,"Sun, 01 Jan 1923 11:00:00 PM",1571000
United Kingdom,GBR,"Sun, 01 Jan 1924 11:00:00 PM",1582000
United Kingdom,GBR,"Sun, 01 Jan 1925 11:00:00 PM",1576000
United Kingdom,GBR,"Sun, 01 Jan 1926 11:00:00 PM",1552000
United Kingdom,GBR,"Sun, 01 Jan 1927 11:00:00 PM",1523000
United Kingdom,GBR,"Sun, 01 Jan 1928 11:00:00 PM",1511000
United Kingdom,GBR,"Sun, 01 Jan 1929 11:00:00 PM",1502000
United Kingdom,GBR,"Sun, 01 Jan 1930 11:00:00 PM",1460000
United Kingdom,GBR,"Sun, 01 Jan 1931 11:00:00 PM",1425000
United Kingdom,GBR,"Sun, 01 Jan 1932 11:00:00 PM",1413000
United Kingdom,GBR,"Sun, 01 Jan 1933 11:00:00 PM",1413000
United Kingdom,GBR,"Sun, 01 Jan 1934 11:00:00 PM",1394000
United Kingdom,GBR,"Sun, 01 Jan 1935 11:00:00 PM",1370000
United Kingdom,GBR,"Sun, 01 Jan 1936 11:00:00 PM",1335000
United Kingdom,GBR,"Sun, 01 Jan 1937 11:00:00 PM",1313000
United Kingdom,GBR,"Sun, 01 Jan 1938 11:00:00 PM",1272000
United Kingdom,GBR,"Sun, 01 Jan 1948 11:00:00 PM",1371840.521
United Kingdom,GBR,"Sun, 01 Jan 1949 11:00:00 PM",1368419.473
United Kingdom,GBR,"Sun, 01 Jan 1950 11:00:00 PM",1352454.579
United Kingdom,GBR,"Sun, 01 Jan 1951 11:00:00 PM",1317103.742
United Kingdom,GBR,"Sun, 01 Jan 1952 11:00:00 PM",1288595.003
United Kingdom,GBR,"Sun, 01 Jan 1953 11:00:00 PM",1264647.663
United Kingdom,GBR,"Sun, 01 Jan 1954 11:00:00 PM",1252103.817
United Kingdom,GBR,"Sun, 01 Jan 1955 11:00:00 PM",1246402.07
United Kingdom,GBR,"Sun, 01 Jan 1956 11:00:00 PM",1211051.233
United Kingdom,GBR,"Sun, 01 Jan 1957 11:00:00 PM",1204209.136
United Kingdom,GBR,"Sun, 01 Jan 1958 11:00:00 PM",1187103.892
United Kingdom,GBR,"Sun, 01 Jan 1959 11:00:00 PM",1177981.096
United Kingdom,GBR,"Sun, 01 Jan 1960 11:00:00 PM",1157454.804
United Kingdom,GBR,"Sun, 01 Jan 1961 11:00:00 PM",1120963.618
United Kingdom,GBR,"Sun, 01 Jan 1962 11:00:00 PM",1082191.733
United Kingdom,GBR,"Sun, 01 Jan 1963 11:00:00 PM",1073068.936
United Kingdom,GBR,"Sun, 01 Jan 1964 11:00:00 PM",1030876.003
United Kingdom,GBR,"Sun, 01 Jan 1965 11:00:00 PM",972718.1751
United Kingdom,GBR,"Sun, 01 Jan 1966 11:00:00 PM",935265.9245
United Kingdom,GBR,"Sun, 01 Jan 1967 11:00:00 PM",900934.6948
United Kingdom,GBR,"Sun, 01 Jan 1968 11:00:00 PM",871805.1665
United Kingdom,GBR,"Sun, 01 Jan 1969 11:00:00 PM",835393.2562
United Kingdom,GBR,"Sun, 01 Jan 1970 11:00:00 PM",801062.0265
United Kingdom,GBR,"Sun, 01 Jan 1971 11:00:00 PM",764439.2076
United Kingdom,GBR,"Sun, 01 Jan 1972 11:00:00 PM",756799.9969
United Kingdom,GBR,"Sun, 01 Jan 1973 11:00:00 PM",768303.0982
United Kingdom,GBR,"Sun, 01 Jan 1974 11:00:00 PM",735608.3836
United Kingdom,GBR,"Sun, 01 Jan 1975 11:00:00 PM",708163.6888
United Kingdom,GBR,"Sun, 01 Jan 1976 11:00:00 PM",700817.8681
United Kingdom,GBR,"Sun, 01 Jan 1977 11:00:00 PM",694235.9684
United Kingdom,GBR,"Sun, 01 Jan 1978 11:00:00 PM",680883.9567
United Kingdom,GBR,"Sun, 01 Jan 1979 11:00:00 PM",665667.5347
United Kingdom,GBR,"Sun, 01 Jan 1980 11:00:00 PM",670837.841
United Kingdom,GBR,"Sun, 01 Jan 1981 11:00:00 PM",677300.1704
United Kingdom,GBR,"Sun, 01 Jan 1982 11:00:00 PM",675547.5805
United Kingdom,GBR,"Sun, 01 Jan 1983 11:00:00 PM",671863.0453
United Kingdom,GBR,"Sun, 01 Jan 1984 11:00:00 PM",694933.4616
United Kingdom,GBR,"Sun, 01 Jan 1985 11:00:00 PM",661113.9008
United Kingdom,GBR,"Sun, 01 Jan 1986 11:00:00 PM",649640.692
United Kingdom,GBR,"Sun, 01 Jan 1987 11:00:00 PM",643500.5381
United Kingdom,GBR,"Sun, 01 Jan 1988 11:00:00 PM",664045.5863
United Kingdom,GBR,"Sun, 01 Jan 1989 11:00:00 PM",641803.3047
United Kingdom,GBR,"Sun, 01 Jan 1990 11:00:00 PM",633659.2418
United Kingdom,GBR,"Sun, 01 Jan 1991 11:00:00 PM",651621.3512
United Kingdom,GBR,"Sun, 01 Jan 1992 11:00:00 PM",636011.8973
United Kingdom,GBR,"Sun, 01 Jan 1993 11:00:00 PM",626255.8503
United Kingdom,GBR,"Sun, 01 Jan 1994 11:00:00 PM",607527.6056
United Kingdom,GBR,"Sun, 01 Jan 1995 11:00:00 PM",571000
United Kingdom,GBR,"Sun, 01 Jan 1996 11:00:00 PM",581000
United Kingdom,GBR,"Sun, 01 Jan 1997 11:00:00 PM",596000
United Kingdom,GBR,"Sun, 01 Jan 1998 11:00:00 PM",565000
United Kingdom,GBR,"Sun, 01 Jan 1999 11:00:00 PM",522000
United Kingdom,GBR,"Sun, 01 Jan 2000 11:00:00 PM",490000
United Kingdom,GBR,"Sun, 01 Jan 2001 11:00:00 PM",465000
United Kingdom,GBR,"Sun, 01 Jan 2002 11:00:00 PM",462000
United Kingdom,GBR,"Sun, 01 Jan 2003 11:00:00 PM",464000
United Kingdom,GBR,"Sun, 01 Jan 2004 11:00:00 PM",475000
United Kingdom,GBR,"Sun, 01 Jan 2005 11:00:00 PM",499000
United Kingdom,GBR,"Sun, 01 Jan 2006 11:00:00 PM",485000
United Kingdom,GBR,"Sun, 01 Jan 2007 11:00:00 PM",487000
United Kingdom,GBR,"Sun, 01 Jan 2008 11:00:00 PM",509000
United Kingdom,GBR,"Sun, 01 Jan 2009 11:00:00 PM",525000
United Kingdom,GBR,"Sun, 01 Jan 2010 11:00:00 PM",548459.5799
United Kingdom,GBR,"Sun, 01 Jan 2011 11:00:00 PM",596247.613
United States,USA,"Sun, 01 Jan 1840 11:00:00 PM",3570000
United States,USA,"Sun, 01 Jan 1850 11:00:00 PM",4520000
United States,USA,"Sun, 01 Jan 1860 11:00:00 PM",5880000
United States,USA,"Sun, 01 Jan 1870 11:00:00 PM",6790000
United States,USA,"Sun, 01 Jan 1880 11:00:00 PM",8920000
United States,USA,"Sun, 01 Jan 1890 11:00:00 PM",9960000
United States,USA,"Sun, 01 Jan 1900 11:00:00 PM",11680000
United States,USA,"Sun, 01 Jan 1910 11:00:00 PM",11770000
United States,USA,"Sun, 01 Jan 1920 11:00:00 PM",10790000
United States,USA,"Sun, 01 Jan 1929 11:00:00 PM",8627000
United States,USA,"Sun, 01 Jan 1930 11:00:00 PM",8441000
United States,USA,"Sun, 01 Jan 1931 11:00:00 PM",8471000
United States,USA,"Sun, 01 Jan 1932 11:00:00 PM",8370000
United States,USA,"Sun, 01 Jan 1933 11:00:00 PM",8438000
United States,USA,"Sun, 01 Jan 1934 11:00:00 PM",8523000
United States,USA,"Sun, 01 Jan 1935 11:00:00 PM",8651000
United States,USA,"Sun, 01 Jan 1936 11:00:00 PM",8544000
United States,USA,"Sun, 01 Jan 1937 11:00:00 PM",8367000
United States,USA,"Sun, 01 Jan 1938 11:00:00 PM",8066000
United States,USA,"Sun, 01 Jan 1939 11:00:00 PM",7810000
United States,USA,"Sun, 01 Jan 1940 11:00:00 PM",7589000
United States,USA,"Sun, 01 Jan 1941 11:00:00 PM",7486000
United States,USA,"Sun, 01 Jan 1942 11:00:00 PM",7341000
United States,USA,"Sun, 01 Jan 1943 11:00:00 PM",7154000
United States,USA,"Sun, 01 Jan 1944 11:00:00 PM",6931000
United States,USA,"Sun, 01 Jan 1945 11:00:00 PM",6766000
United States,USA,"Sun, 01 Jan 1946 11:00:00 PM",6713000
United States,USA,"Sun, 01 Jan 1947 11:00:00 PM",6657000
United States,USA,"Sun, 01 Jan 1948 11:00:00 PM",6625000
United States,USA,"Sun, 01 Jan 1949 11:00:00 PM",6440000
United States,USA,"Sun, 01 Jan 1950 11:00:00 PM",6402000
United States,USA,"Sun, 01 Jan 1951 11:00:00 PM",6022000
United States,USA,"Sun, 01 Jan 1952 11:00:00 PM",5879000
United States,USA,"Sun, 01 Jan 1953 11:00:00 PM",5696000
United States,USA,"Sun, 01 Jan 1954 11:00:00 PM",5713000
United States,USA,"Sun, 01 Jan 1955 11:00:00 PM",5525000
United States,USA,"Sun, 01 Jan 1956 11:00:00 PM",5251000
United States,USA,"Sun, 01 Jan 1957 11:00:00 PM",5010000
United States,USA,"Sun, 01 Jan 1958 11:00:00 PM",4848000
United States,USA,"Sun, 01 Jan 1959 11:00:00 PM",4704000
United States,USA,"Sun, 01 Jan 1960 11:00:00 PM",4531000
United States,USA,"Sun, 01 Jan 1961 11:00:00 PM",4442000
United States,USA,"Sun, 01 Jan 1962 11:00:00 PM",4310000
United States,USA,"Sun, 01 Jan 1963 11:00:00 PM",4079000
United States,USA,"Sun, 01 Jan 1964 11:00:00 PM",3862000
United States,USA,"Sun, 01 Jan 1965 11:00:00 PM",3713000
United States,USA,"Sun, 01 Jan 1966 11:00:00 PM",3432000
United States,USA,"Sun, 01 Jan 1967 11:00:00 PM",3338000
United States,USA,"Sun, 01 Jan 1968 11:00:00 PM",3303000
United States,USA,"Sun, 01 Jan 1969 11:00:00 PM",3193000
United States,USA,"Sun, 01 Jan 1970 11:00:00 PM",3118000
United States,USA,"Sun, 01 Jan 1971 11:00:00 PM",3065000
United States,USA,"Sun, 01 Jan 1972 11:00:00 PM",3116000
United States,USA,"Sun, 01 Jan 1973 11:00:00 PM",3181000
United States,USA,"Sun, 01 Jan 1974 11:00:00 PM",3255000
United States,USA,"Sun, 01 Jan 1975 11:00:00 PM",3191000
United States,USA,"Sun, 01 Jan 1976 11:00:00 PM",3210000
United States,USA,"Sun, 01 Jan 1977 11:00:00 PM",3105000
United States,USA,"Sun, 01 Jan 1978 11:00:00 PM",3158000
United States,USA,"Sun, 01 Jan 1979 11:00:00 PM",3183000
United States,USA,"Sun, 01 Jan 1980 11:00:00 PM",3275000
United States,USA,"Sun, 01 Jan 1981 11:00:00 PM",3260000
United States,USA,"Sun, 01 Jan 1982 11:00:00 PM",3140000
United States,USA,"Sun, 01 Jan 1983 11:00:00 PM",3166000
United States,USA,"Sun, 01 Jan 1984 11:00:00 PM",3074000
United States,USA,"Sun, 01 Jan 1985 11:00:00 PM",2889000
United States,USA,"Sun, 01 Jan 1986 11:00:00 PM",2869000
United States,USA,"Sun, 01 Jan 1987 11:00:00 PM",2932000
United States,USA,"Sun, 01 Jan 1988 11:00:00 PM",2988000
United States,USA,"Sun, 01 Jan 1989 11:00:00 PM",2940000
United States,USA,"Sun, 01 Jan 1990 11:00:00 PM",2930000
United States,USA,"Sun, 01 Jan 1991 11:00:00 PM",2964000
United States,USA,"Sun, 01 Jan 1992 11:00:00 PM",2883000
United States,USA,"Sun, 01 Jan 1993 11:00:00 PM",2935000
United States,USA,"Sun, 01 Jan 1994 11:00:00 PM",2995000
United States,USA,"Sun, 01 Jan 1995 11:00:00 PM",3210000
United States,USA,"Sun, 01 Jan 1996 11:00:00 PM",3154000
United States,USA,"Sun, 01 Jan 1997 11:00:00 PM",3132000
United States,USA,"Sun, 01 Jan 1998 11:00:00 PM",3133000
United States,USA,"Sun, 01 Jan 1999 11:00:00 PM",3171000
United States,USA,"Sun, 01 Jan 2000 11:00:00 PM",3146000
United States,USA,"Sun, 01 Jan 2001 11:00:00 PM",2093000
United States,USA,"Sun, 01 Jan 2002 11:00:00 PM",2098000
United States,USA,"Sun, 01 Jan 2003 11:00:00 PM",2072000
United States,USA,"Sun, 01 Jan 2004 11:00:00 PM",2030000
United States,USA,"Sun, 01 Jan 2005 11:00:00 PM",1992000
United States,USA,"Sun, 01 Jan 2006 11:00:00 PM",2022000
United States,USA,"Sun, 01 Jan 2007 11:00:00 PM",1953000
United States,USA,"Sun, 01 Jan 2008 11:00:00 PM",1945000
United States,USA,"Sun, 01 Jan 2009 11:00:00 PM",1907000
United States,USA,"Sun, 01 Jan 2010 11:00:00 PM",1923000
United States,USA,"Sun, 01 Jan 2011 11:00:00 PM",1962000
United States,USA,"Sun, 01 Jan 2012 11:00:00 PM",1919000
United States,USA,"Sun, 01 Jan 2013 11:00:00 PM",1957000
United States,USA,"Sun, 01 Jan 2014 11:00:00 PM",1947000
United States,USA,"Sun, 01 Jan 2015 11:00:00 PM",2050000
